title          ,coordinates
Ambika La Parisian,"30.65398043738633, 76.74915962445411"
Joy Grand,"30.68566330647405, 76.69054091466688"
Horizon Belmond,"30.687093365660772, 76.6896504210896"
Atulyam,"30.684556115428233, 76.69228032075128"
Noble Aurellia,"30.682020432592022, 76.6929820667831"
Noble Magnolia,"30.637992213871794, 76.7455162994533"
Hero Homes,"30.687336223954052, 76.69294471334383"
The Pinnacle,"30.633327551314657, 76.7319512815854"
Medallion Republic,"30.614055975749988, 76.68645231334136"
Marbella Royce,"30.633590600671237, 76.72632433662228"
Marbella Grand,"30.647850267249716, 76.74189686492996"
Medallion Aurum,"30.675325426233883, 76.72974004535448"
The Medallion 82,"30.648635016947445, 76.73984753979782"
The Medallion Nova,"30.677022122991293, 76.73638466493097"
JLPL Falcon,"30.66024211311553, 76.7396404458827"
Noble Calista,"30.654664495270477, 76.75121146545897"
Escon Primera,"30.620666802583095, 76.79542474402942"
Affinity Belgravia,"30.617973102684772, 76.78646667286526"
Ananta Aspire,"30.640553945403287, 76.80551003794567"
Vamana Arvindam,"30.639643708426917, 76.80494167842168"
Trishla City,"30.645889887333997, 76.79560174773405"
The Zirk,"30.64557437436221, 76.79384452445373"
Atlantis Grand,"30.647139998406686, 76.79325524350156"
Uptown Skylla,"30.61951913405324, 76.80964369191301"
Green Lotus Utsav,"30.616313539252033, 76.80149920910878"
MCC Genesis,"30.625320857003764, 76.82409000540531"
Atlantis 360,"30.619226399247594, 76.80420555514073"
MCC Fortune,"30.622543038191576, 76.82057245714317"
Skyline Elevate,"30.622160193090092, 76.81906292630478"